# Geolocation Results

===== 10.90.242.1 =====
{"status":"success","country":"Israel","countryCode":"IL","region":"TA","regionName":"Tel Aviv","city":"Ramat Gan","zip":"","lat":32.0821,"lon":34.8122,"timezone":"Asia/Jerusalem","isp":"013 Netvision Network","org":"","as":"AS1680 Cellcom Fixed Line Communication L.P","query":"10.90.242.1"}
===== 10.90.242.2 =====
{"status":"success","country":"Israel","countryCode":"IL","region":"TA","regionName":"Tel Aviv","city":"Ramat Gan","zip":"","lat":32.0821,"lon":34.8122,"timezone":"Asia/Jerusalem","isp":"013 Netvision Network","org":"","as":"AS1680 Cellcom Fixed Line Communication L.P","query":"10.90.242.2"}
===== 10.90.242.3 =====
{"status":"success","country":"Israel","countryCode":"IL","region":"TA","regionName":"Tel Aviv","city":"Ramat Gan","zip":"","lat":32.0821,"lon":34.8122,"timezone":"Asia/Jerusalem","isp":"013 Netvision Network","org":"","as":"AS1680 Cellcom Fixed Line Communication L.P","query":"10.90.242.3"}
===== 10.90.242.4 =====
{"status":"success","country":"Israel","countryCode":"IL","region":"TA","regionName":"Tel Aviv","city":"Ramat Gan","zip":"","lat":32.0821,"lon":34.8122,"timezone":"Asia/Jerusalem","isp":"013 Netvision Network","org":"","as":"AS1680 Cellcom Fixed Line Communication L.P","query":"10.90.242.4"}
===== 10.90.242.5 =====
{"status":"success","country":"Israel","countryCode":"IL","region":"TA","regionName":"Tel Aviv","city":"Ramat Gan","zip":"","lat":32.0821,"lon":34.8122,"timezone":"Asia/Jerusalem","isp":"013 Netvision Network","org":"","as":"AS1680 Cellcom Fixed Line Communication L.P","query":"10.90.242.5"}
===== 10.90.242.6 =====
{"status":"success","country":"Israel","countryCode":"IL","region":"TA","regionName":"Tel Aviv","city":"Ramat Gan","zip":"","lat":32.0821,"lon":34.8122,"timezone":"Asia/Jerusalem","isp":"013 Netvision Network","org":"","as":"AS1680 Cellcom Fixed Line Communication L.P","query":"10.90.242.6"}
===== 10.90.242.7 =====
{"status":"success","country":"Israel","countryCode":"IL","region":"TA","regionName":"Tel Aviv","city":"Ramat Gan","zip":"","lat":32.0821,"lon":34.8122,"timezone":"Asia/Jerusalem","isp":"013 Netvision Network","org":"","as":"AS1680 Cellcom Fixed Line Communication L.P","query":"10.90.242.7"}
===== 10.90.242.8 =====
{"status":"success","country":"Israel","countryCode":"IL","region":"TA","regionName":"Tel Aviv","city":"Ramat Gan","zip":"","lat":32.0821,"lon":34.8122,"timezone":"Asia/Jerusalem","isp":"013 Netvision Network","org":"","as":"AS1680 Cellcom Fixed Line Communication L.P","query":"10.90.242.8"}
===== 10.90.242.9 =====
{"status":"success","country":"Israel","countryCode":"IL","region":"TA","regionName":"Tel Aviv","city":"Ramat Gan","zip":"","lat":32.0821,"lon":34.8122,"timezone":"Asia/Jerusalem","isp":"013 Netvision Network","org":"","as":"AS1680 Cellcom Fixed Line Communication L.P","query":"10.90.242.9"}
===== 10.90.242.10 =====
{"status":"success","country":"Israel","countryCode":"IL","region":"TA","regionName":"Tel Aviv","city":"Ramat Gan","zip":"","lat":32.0821,"lon":34.8122,"timezone":"Asia/Jerusalem","isp":"013 Netvision Network","org":"","as":"AS1680 Cellcom Fixed Line Communication L.P","query":"10.90.242.10"}
===== 10.90.242.11 =====
{"status":"success","country":"Israel","countryCode":"IL","region":"TA","regionName":"Tel Aviv","city":"Ramat Gan","zip":"","lat":32.0821,"lon":34.8122,"timezone":"Asia/Jerusalem","isp":"013 Netvision Network","org":"","as":"AS1680 Cellcom Fixed Line Communication L.P","query":"10.90.242.11"}
===== 10.90.242.12 =====
{"status":"success","country":"Israel","countryCode":"IL","region":"TA","regionName":"Tel Aviv","city":"Ramat Gan","zip":"","lat":32.0821,"lon":34.8122,"timezone":"Asia/Jerusalem","isp":"013 Netvision Network","org":"","as":"AS1680 Cellcom Fixed Line Communication L.P","query":"10.90.242.12"}
===== 10.90.242.13 =====
{"status":"success","country":"Israel","countryCode":"IL","region":"TA","regionName":"Tel Aviv","city":"Ramat Gan","zip":"","lat":32.0821,"lon":34.8122,"timezone":"Asia/Jerusalem","isp":"013 Netvision Network","org":"","as":"AS1680 Cellcom Fixed Line Communication L.P","query":"10.90.242.13"}
===== 10.90.242.14 =====
{"status":"success","country":"Israel","countryCode":"IL","region":"TA","regionName":"Tel Aviv","city":"Ramat Gan","zip":"","lat":32.0821,"lon":34.8122,"timezone":"Asia/Jerusalem","isp":"013 Netvision Network","org":"","as":"AS1680 Cellcom Fixed Line Communication L.P","query":"10.90.242.14"}
===== 10.90.242.15 =====
{"status":"success","country":"Israel","countryCode":"IL","region":"TA","regionName":"Tel Aviv","city":"Ramat Gan","zip":"","lat":32.0821,"lon":34.8122,"timezone":"Asia/Jerusalem","isp":"013 Netvision Network","org":"","as":"AS1680 Cellcom Fixed Line Communication L.P","query":"10.90.242.15"}
===== 10.90.242.16 =====
{"status":"success","country":"Israel","countryCode":"IL","region":"TA","regionName":"Tel Aviv","city":"Ramat Gan","zip":"","lat":32.0821,"lon":34.8122,"timezone":"Asia/Jerusalem","isp":"013 Netvision Network","org":"","as":"AS1680 Cellcom Fixed Line Communication L.P","query":"10.90.242.16"}
===== 10.90.242.17 =====
{"status":"success","country":"Israel","countryCode":"IL","region":"TA","regionName":"Tel Aviv","city":"Ramat Gan","zip":"","lat":32.0821,"lon":34.8122,"timezone":"Asia/Jerusalem","isp":"013 Netvision Network","org":"","as":"AS1680 Cellcom Fixed Line Communication L.P","query":"10.90.242.17"}
===== 10.90.242.18 =====
{"status":"success","country":"Israel","countryCode":"IL","region":"TA","regionName":"Tel Aviv","city":"Ramat Gan","zip":"","lat":32.0821,"lon":34.8122,"timezone":"Asia/Jerusalem","isp":"013 Netvision Network","org":"","as":"AS1680 Cellcom Fixed Line Communication L.P","query":"10.90.242.18"}
===== 10.90.242.19 =====
{"status":"success","country":"Israel","countryCode":"IL","region":"TA","regionName":"Tel Aviv","city":"Ramat Gan","zip":"","lat":32.0821,"lon":34.8122,"timezone":"Asia/Jerusalem","isp":"013 Netvision Network","org":"","as":"AS1680 Cellcom Fixed Line Communication L.P","query":"10.90.242.19"}
===== 10.90.242.20 =====
{"status":"success","country":"Israel","countryCode":"IL","region":"TA","regionName":"Tel Aviv","city":"Ramat Gan","zip":"","lat":32.0821,"lon":34.8122,"timezone":"Asia/Jerusalem","isp":"013 Netvision Network","org":"","as":"AS1680 Cellcom Fixed Line Communication L.P","query":"10.90.242.20"}
===== 10.90.242.21 =====
{"status":"success","country":"Israel","countryCode":"IL","region":"TA","regionName":"Tel Aviv","city":"Ramat Gan","zip":"","lat":32.0821,"lon":34.8122,"timezone":"Asia/Jerusalem","isp":"013 Netvision Network","org":"","as":"AS1680 Cellcom Fixed Line Communication L.P","query":"10.90.242.21"}
===== 10.90.242.22 =====
{"status":"success","country":"Israel","countryCode":"IL","region":"TA","regionName":"Tel Aviv","city":"Ramat Gan","zip":"","lat":32.0821,"lon":34.8122,"timezone":"Asia/Jerusalem","isp":"013 Netvision Network","org":"","as":"AS1680 Cellcom Fixed Line Communication L.P","query":"10.90.242.22"}
===== 10.90.242.23 =====
{"status":"success","country":"Israel","countryCode":"IL","region":"TA","regionName":"Tel Aviv","city":"Ramat Gan","zip":"","lat":32.0821,"lon":34.8122,"timezone":"Asia/Jerusalem","isp":"013 Netvision Network","org":"","as":"AS1680 Cellcom Fixed Line Communication L.P","query":"10.90.242.23"}
===== 10.90.242.24 =====
{"status":"success","country":"Israel","countryCode":"IL","region":"TA","regionName":"Tel Aviv","city":"Ramat Gan","zip":"","lat":32.0821,"lon":34.8122,"timezone":"Asia/Jerusalem","isp":"013 Netvision Network","org":"","as":"AS1680 Cellcom Fixed Line Communication L.P","query":"10.90.242.24"}
===== 10.90.242.25 =====
{"status":"success","country":"Israel","countryCode":"IL","region":"TA","regionName":"Tel Aviv","city":"Ramat Gan","zip":"","lat":32.0821,"lon":34.8122,"timezone":"Asia/Jerusalem","isp":"013 Netvision Network","org":"","as":"AS1680 Cellcom Fixed Line Communication L.P","query":"10.90.242.25"}
===== 10.90.242.26 =====
{"status":"success","country":"Israel","countryCode":"IL","region":"TA","regionName":"Tel Aviv","city":"Ramat Gan","zip":"","lat":32.0821,"lon":34.8122,"timezone":"Asia/Jerusalem","isp":"013 Netvision Network","org":"","as":"AS1680 Cellcom Fixed Line Communication L.P","query":"10.90.242.26"}
===== 10.90.242.27 =====
{"status":"success","country":"Israel","countryCode":"IL","region":"TA","regionName":"Tel Aviv","city":"Ramat Gan","zip":"","lat":32.0821,"lon":34.8122,"timezone":"Asia/Jerusalem","isp":"013 Netvision Network","org":"","as":"AS1680 Cellcom Fixed Line Communication L.P","query":"10.90.242.27"}
===== 10.90.242.28 =====
{"status":"success","country":"Israel","countryCode":"IL","region":"TA","regionName":"Tel Aviv","city":"Ramat Gan","zip":"","lat":32.0821,"lon":34.8122,"timezone":"Asia/Jerusalem","isp":"013 Netvision Network","org":"","as":"AS1680 Cellcom Fixed Line Communication L.P","query":"10.90.242.28"}
===== 10.90.242.29 =====
{"status":"success","country":"Israel","countryCode":"IL","region":"TA","regionName":"Tel Aviv","city":"Ramat Gan","zip":"","lat":32.0821,"lon":34.8122,"timezone":"Asia/Jerusalem","isp":"013 Netvision Network","org":"","as":"AS1680 Cellcom Fixed Line Communication L.P","query":"10.90.242.29"}
===== 10.90.242.30 =====
{"status":"success","country":"Israel","countryCode":"IL","region":"TA","regionName":"Tel Aviv","city":"Ramat Gan","zip":"","lat":32.0821,"lon":34.8122,"timezone":"Asia/Jerusalem","isp":"013 Netvision Network","org":"","as":"AS1680 Cellcom Fixed Line Communication L.P","query":"10.90.242.30"}
===== 10.90.242.31 =====
{"status":"success","country":"Israel","countryCode":"IL","region":"TA","regionName":"Tel Aviv","city":"Ramat Gan","zip":"","lat":32.0821,"lon":34.8122,"timezone":"Asia/Jerusalem","isp":"013 Netvision Network","org":"","as":"AS1680 Cellcom Fixed Line Communication L.P","query":"10.90.242.31"}
===== 10.90.242.32 =====
{"status":"success","country":"Israel","countryCode":"IL","region":"TA","regionName":"Tel Aviv","city":"Ramat Gan","zip":"","lat":32.0821,"lon":34.8122,"timezone":"Asia/Jerusalem","isp":"013 Netvision Network","org":"","as":"AS1680 Cellcom Fixed Line Communication L.P","query":"10.90.242.32"}
===== 10.90.242.33 =====
{"status":"success","country":"Israel","countryCode":"IL","region":"TA","regionName":"Tel Aviv","city":"Ramat Gan","zip":"","lat":32.0821,"lon":34.8122,"timezone":"Asia/Jerusalem","isp":"013 Netvision Network","org":"","as":"AS1680 Cellcom Fixed Line Communication L.P","query":"10.90.242.33"}
===== 10.90.242.34 =====
{"status":"success","country":"Israel","countryCode":"IL","region":"TA","regionName":"Tel Aviv","city":"Ramat Gan","zip":"","lat":32.0821,"lon":34.8122,"timezone":"Asia/Jerusalem","isp":"013 Netvision Network","org":"","as":"AS1680 Cellcom Fixed Line Communication L.P","query":"10.90.242.34"}
===== 10.90.242.35 =====
{"status":"success","country":"Israel","countryCode":"IL","region":"TA","regionName":"Tel Aviv","city":"Ramat Gan","zip":"","lat":32.0821,"lon":34.8122,"timezone":"Asia/Jerusalem","isp":"013 Netvision Network","org":"","as":"AS1680 Cellcom Fixed Line Communication L.P","query":"10.90.242.35"}
===== 10.90.242.36 =====
{"status":"success","country":"Israel","countryCode":"IL","region":"TA","regionName":"Tel Aviv","city":"Ramat Gan","zip":"","lat":32.0821,"lon":34.8122,"timezone":"Asia/Jerusalem","isp":"013 Netvision Network","org":"","as":"AS1680 Cellcom Fixed Line Communication L.P","query":"10.90.242.36"}
===== 10.90.242.37 =====
{"status":"success","country":"Israel","countryCode":"IL","region":"TA","regionName":"Tel Aviv","city":"Ramat Gan","zip":"","lat":32.0821,"lon":34.8122,"timezone":"Asia/Jerusalem","isp":"013 Netvision Network","org":"","as":"AS1680 Cellcom Fixed Line Communication L.P","query":"10.90.242.37"}
===== 10.90.242.38 =====
{"status":"success","country":"Israel","countryCode":"IL","region":"TA","regionName":"Tel Aviv","city":"Ramat Gan","zip":"","lat":32.0821,"lon":34.8122,"timezone":"Asia/Jerusalem","isp":"013 Netvision Network","org":"","as":"AS1680 Cellcom Fixed Line Communication L.P","query":"10.90.242.38"}
===== 10.90.242.39 =====
{"status":"success","country":"Israel","countryCode":"IL","region":"TA","regionName":"Tel Aviv","city":"Ramat Gan","zip":"","lat":32.0821,"lon":34.8122,"timezone":"Asia/Jerusalem","isp":"013 Netvision Network","org":"","as":"AS1680 Cellcom Fixed Line Communication L.P","query":"10.90.242.39"}
===== 10.90.242.40 =====
{"status":"success","country":"Israel","countryCode":"IL","region":"TA","regionName":"Tel Aviv","city":"Ramat Gan","zip":"","lat":32.0821,"lon":34.8122,"timezone":"Asia/Jerusalem","isp":"013 Netvision Network","org":"","as":"AS1680 Cellcom Fixed Line Communication L.P","query":"10.90.242.40"}
===== 10.90.242.41 =====
{"status":"success","country":"Israel","countryCode":"IL","region":"TA","regionName":"Tel Aviv","city":"Ramat Gan","zip":"","lat":32.0821,"lon":34.8122,"timezone":"Asia/Jerusalem","isp":"013 Netvision Network","org":"","as":"AS1680 Cellcom Fixed Line Communication L.P","query":"10.90.242.41"}
===== 10.90.242.42 =====
{"status":"success","country":"Israel","countryCode":"IL","region":"TA","regionName":"Tel Aviv","city":"Ramat Gan","zip":"","lat":32.0821,"lon":34.8122,"timezone":"Asia/Jerusalem","isp":"013 Netvision Network","org":"","as":"AS1680 Cellcom Fixed Line Communication L.P","query":"10.90.242.42"}
===== 10.90.242.43 =====
{"status":"success","country":"Israel","countryCode":"IL","region":"TA","regionName":"Tel Aviv","city":"Ramat Gan","zip":"","lat":32.0821,"lon":34.8122,"timezone":"Asia/Jerusalem","isp":"013 Netvision Network","org":"","as":"AS1680 Cellcom Fixed Line Communication L.P","query":"10.90.242.43"}
===== 10.90.242.44 =====
{"status":"success","country":"Israel","countryCode":"IL","region":"TA","regionName":"Tel Aviv","city":"Ramat Gan","zip":"","lat":32.0821,"lon":34.8122,"timezone":"Asia/Jerusalem","isp":"013 Netvision Network","org":"","as":"AS1680 Cellcom Fixed Line Communication L.P","query":"10.90.242.44"}
===== 10.90.242.45 =====
{"status":"success","country":"Israel","countryCode":"IL","region":"TA","regionName":"Tel Aviv","city":"Ramat Gan","zip":"","lat":32.0821,"lon":34.8122,"timezone":"Asia/Jerusalem","isp":"013 Netvision Network","org":"","as":"AS1680 Cellcom Fixed Line Communication L.P","query":"10.90.242.45"}
===== 10.90.242.46 =====
{"status":"success","country":"Israel","countryCode":"IL","region":"TA","regionName":"Tel Aviv","city":"Ramat Gan","zip":"","lat":32.0821,"lon":34.8122,"timezone":"Asia/Jerusalem","isp":"013 Netvision Network","org":"","as":"AS1680 Cellcom Fixed Line Communication L.P","query":"10.90.242.46"}
===== 10.90.242.47 =====
{"status":"success","country":"Israel","countryCode":"IL","region":"TA","regionName":"Tel Aviv","city":"Ramat Gan","zip":"","lat":32.0821,"lon":34.8122,"timezone":"Asia/Jerusalem","isp":"013 Netvision Network","org":"","as":"AS1680 Cellcom Fixed Line Communication L.P","query":"10.90.242.47"}
===== 10.90.242.48 =====
{"status":"success","country":"Israel","countryCode":"IL","region":"TA","regionName":"Tel Aviv","city":"Ramat Gan","zip":"","lat":32.0821,"lon":34.8122,"timezone":"Asia/Jerusalem","isp":"013 Netvision Network","org":"","as":"AS1680 Cellcom Fixed Line Communication L.P","query":"10.90.242.48"}
===== 10.90.242.49 =====
{"status":"success","country":"Israel","countryCode":"IL","region":"TA","regionName":"Tel Aviv","city":"Ramat Gan","zip":"","lat":32.0821,"lon":34.8122,"timezone":"Asia/Jerusalem","isp":"013 Netvision Network","org":"","as":"AS1680 Cellcom Fixed Line Communication L.P","query":"10.90.242.49"}
===== 10.90.242.50 =====
{"status":"success","country":"Israel","countryCode":"IL","region":"TA","regionName":"Tel Aviv","city":"Ramat Gan","zip":"","lat":32.0821,"lon":34.8122,"timezone":"Asia/Jerusalem","isp":"013 Netvision Network","org":"","as":"AS1680 Cellcom Fixed Line Communication L.P","query":"10.90.242.50"}
===== 10.90.242.51 =====
{"status":"success","country":"Israel","countryCode":"IL","region":"TA","regionName":"Tel Aviv","city":"Ramat Gan","zip":"","lat":32.0821,"lon":34.8122,"timezone":"Asia/Jerusalem","isp":"013 Netvision Network","org":"","as":"AS1680 Cellcom Fixed Line Communication L.P","query":"10.90.242.51"}
===== 10.90.242.52 =====
{"status":"success","country":"Israel","countryCode":"IL","region":"TA","regionName":"Tel Aviv","city":"Ramat Gan","zip":"","lat":32.0821,"lon":34.8122,"timezone":"Asia/Jerusalem","isp":"013 Netvision Network","org":"","as":"AS1680 Cellcom Fixed Line Communication L.P","query":"10.90.242.52"}
===== 10.90.242.53 =====
{"status":"success","country":"Israel","countryCode":"IL","region":"TA","regionName":"Tel Aviv","city":"Ramat Gan","zip":"","lat":32.0821,"lon":34.8122,"timezone":"Asia/Jerusalem","isp":"013 Netvision Network","org":"","as":"AS1680 Cellcom Fixed Line Communication L.P","query":"10.90.242.53"}
===== 10.90.242.54 =====
{"status":"success","country":"Israel","countryCode":"IL","region":"TA","regionName":"Tel Aviv","city":"Ramat Gan","zip":"","lat":32.0821,"lon":34.8122,"timezone":"Asia/Jerusalem","isp":"013 Netvision Network","org":"","as":"AS1680 Cellcom Fixed Line Communication L.P","query":"10.90.242.54"}
===== 10.90.242.55 =====
{"status":"success","country":"Israel","countryCode":"IL","region":"TA","regionName":"Tel Aviv","city":"Ramat Gan","zip":"","lat":32.0821,"lon":34.8122,"timezone":"Asia/Jerusalem","isp":"013 Netvision Network","org":"","as":"AS1680 Cellcom Fixed Line Communication L.P","query":"10.90.242.55"}
===== 10.90.242.56 =====
{"status":"success","country":"Israel","countryCode":"IL","region":"TA","regionName":"Tel Aviv","city":"Ramat Gan","zip":"","lat":32.0821,"lon":34.8122,"timezone":"Asia/Jerusalem","isp":"013 Netvision Network","org":"","as":"AS1680 Cellcom Fixed Line Communication L.P","query":"10.90.242.56"}
===== 10.90.242.57 =====
{"status":"success","country":"Israel","countryCode":"IL","region":"TA","regionName":"Tel Aviv","city":"Ramat Gan","zip":"","lat":32.0821,"lon":34.8122,"timezone":"Asia/Jerusalem","isp":"013 Netvision Network","org":"","as":"AS1680 Cellcom Fixed Line Communication L.P","query":"10.90.242.57"}
===== 10.90.242.58 =====
{"status":"success","country":"Israel","countryCode":"IL","region":"TA","regionName":"Tel Aviv","city":"Ramat Gan","zip":"","lat":32.0821,"lon":34.8122,"timezone":"Asia/Jerusalem","isp":"013 Netvision Network","org":"","as":"AS1680 Cellcom Fixed Line Communication L.P","query":"10.90.242.58"}
===== 10.90.242.59 =====
{"status":"success","country":"Israel","countryCode":"IL","region":"TA","regionName":"Tel Aviv","city":"Ramat Gan","zip":"","lat":32.0821,"lon":34.8122,"timezone":"Asia/Jerusalem","isp":"013 Netvision Network","org":"","as":"AS1680 Cellcom Fixed Line Communication L.P","query":"10.90.242.59"}
===== 10.90.242.60 =====
{"status":"success","country":"Israel","countryCode":"IL","region":"TA","regionName":"Tel Aviv","city":"Ramat Gan","zip":"","lat":32.0821,"lon":34.8122,"timezone":"Asia/Jerusalem","isp":"013 Netvision Network","org":"","as":"AS1680 Cellcom Fixed Line Communication L.P","query":"10.90.242.60"}
===== 10.90.242.61 =====
{"status":"success","country":"Israel","countryCode":"IL","region":"TA","regionName":"Tel Aviv","city":"Ramat Gan","zip":"","lat":32.0821,"lon":34.8122,"timezone":"Asia/Jerusalem","isp":"013 Netvision Network","org":"","as":"AS1680 Cellcom Fixed Line Communication L.P","query":"10.90.242.61"}
===== 10.90.242.62 =====
{"status":"success","country":"Israel","countryCode":"IL","region":"TA","regionName":"Tel Aviv","city":"Ramat Gan","zip":"","lat":32.0821,"lon":34.8122,"timezone":"Asia/Jerusalem","isp":"013 Netvision Network","org":"","as":"AS1680 Cellcom Fixed Line Communication L.P","query":"10.90.242.62"}